{
  "cv_parser": {
    "service": "cv_parser",
    "avg_latency": 6.343730290730794,
    "min_latency": 1.299142837524414,
    "max_latency": 46.88096046447754,
    "p95_latency": 51.78074836730957,
    "successful_requests": 0,
    "total_requests": 15,
    "success_rate": 0.0
  },
  "personalization": {
    "service": "personalization",
    "avg_latency": 3.5848379135131836,
    "min_latency": 1.5261173248291016,
    "max_latency": 15.211105346679688,
    "p95_latency": 20.383799076080322,
    "successful_requests": 0,
    "total_requests": 10,
    "success_rate": 0.0
  },
  "frontend": {
    "/": {
      "avg_latency": 57.259559631347656,
      "min_latency": 9.180784225463867,
      "max_latency": 237.9629611968994
    },
    "/health": {
      "avg_latency": 530.4372310638428,
      "min_latency": 19.536972045898438,
      "max_latency": 2054.3129444122314
    },
    "/api/health": {
      "avg_latency": 47.854042053222656,
      "min_latency": 6.874799728393555,
      "max_latency": 113.78002166748047
    }
  },
  "system_metrics": {
    "cpu_percent": 46.9,
    "memory_percent": 85.0,
    "memory_available_gb": 1,
    "memory_used_gb": 2,
    "disk_usage_percent": 3.4,
    "top_processes": [],
    "load_average": 3.251953125
  },
  "audit_duration": 13.825492143630981,
  "timestamp": 1747906031.37419
}