{
  "benchmark_summary": {
    "timestamp": "2025-06-05T15:39:28.890610",
    "duration_minutes": 0.039167933333333335,
    "sample_size": 1000,
    "confidence_level": 0.95,
    "status": "FAILURE",
    "recommendation": "NO-GO - Objectifs non atteints, optimisations n\u00e9cessaires"
  },
  "ab_test_results": {
    "precision": {
      "v1_mean": 81.81778088551654,
      "v2_mean": 94.17859369118018,
      "improvement_percent": 15.107734128061354,
      "t_statistic": 68.95506225817736,
      "p_value": 0.0,
      "statistically_significant": "True",
      "target_met": "True",
      "v2_target_met": "False"
    },
    "latency": {
      "v1_p95": 146.93765552657007,
      "v2_p95": 110.75882829612998,
      "improvement_percent": 24.621889535931814,
      "t_statistic": 35.856413019214656,
      "p_value": 8.034802984397397e-218,
      "statistically_significant": "True",
      "sla_met": "False"
    },
    "success_rates": {
      "v1": 99.7,
      "v2": 99.4
    },
    "sample_size": 1000,
    "confidence_level": 0.95
  },
  "load_test_results": [
    {
      "load_multiplier": 1,
      "concurrent_requests": 50,
      "total_requests": 200,
      "duration_seconds": 0.046027183532714844,
      "latency": {
        "p50": 86.52299770492058,
        "p95": 108.1158003606196,
        "p99": 110.6319759147369,
        "mean": 85.9912651369038
      },
      "success_rate_percent": 99.5,
      "throughput_rps": 4345.258272382571,
      "sla_compliance": {
        "p95_under_100ms": "False",
        "success_rate_above_95": "True"
      }
    },
    {
      "load_multiplier": 2,
      "concurrent_requests": 100,
      "total_requests": 400,
      "duration_seconds": 0.04747796058654785,
      "latency": {
        "p50": 86.66770184579403,
        "p95": 111.31090714642686,
        "p99": 116.05628458836689,
        "mean": 86.02865001823362
      },
      "success_rate_percent": 99.0,
      "throughput_rps": 8424.96170977769,
      "sla_compliance": {
        "p95_under_100ms": "False",
        "success_rate_above_95": "True"
      }
    }
  ],
  "business_report": {
    "validation_summary": {
      "precision_target_met": "False",
      "sla_compliance": "False",
      "statistical_significance": "True",
      "max_load_supported": 1
    },
    "business_impact": {
      "annual_roi_eur": 181292.80953673625,
      "precision_improvement_percent": 15.107734128061354,
      "latency_improvement_percent": 24.621889535931814,
      "estimated_satisfaction_boost": 4.532320238418406
    }
  }
}