{
  "benchmark_summary": {
    "timestamp": "2025-06-05T15:49:19.910491",
    "duration_minutes": 0.039017083333333334,
    "sample_size": 1000,
    "confidence_level": 0.95,
    "status": "FAILURE",
    "recommendation": "NO-GO - Objectifs non atteints, optimisations n\u00e9cessaires"
  },
  "ab_test_results": {
    "precision": {
      "v1_mean": 81.99984641971402,
      "v2_mean": 94.13541807818078,
      "improvement_percent": 14.79950535071878,
      "t_statistic": 67.86917525137774,
      "p_value": 0.0,
      "statistically_significant": "True",
      "target_met": "True",
      "v2_target_met": "False"
    },
    "latency": {
      "v1_p95": 148.76797021320982,
      "v2_p95": 111.30502354489396,
      "improvement_percent": 25.182132023865815,
      "t_statistic": 34.86524049343336,
      "p_value": 1.8811410577284733e-208,
      "statistically_significant": "True",
      "sla_met": "False"
    },
    "success_rates": {
      "v1": 99.5,
      "v2": 99.8
    },
    "sample_size": 1000,
    "confidence_level": 0.95
  },
  "load_test_results": [
    {
      "load_multiplier": 1,
      "concurrent_requests": 50,
      "total_requests": 200,
      "duration_seconds": 0.1047208309173584,
      "latency": {
        "p50": 86.36506512950561,
        "p95": 110.14133553770934,
        "p99": 122.56892888610756,
        "mean": 86.98868675976088
      },
      "success_rate_percent": 100.0,
      "throughput_rps": 1909.8396971069892,
      "sla_compliance": {
        "p95_under_100ms": "False",
        "success_rate_above_95": "True"
      }
    },
    {
      "load_multiplier": 2,
      "concurrent_requests": 100,
      "total_requests": 400,
      "duration_seconds": 0.048172950744628906,
      "latency": {
        "p50": 86.53416892295961,
        "p95": 111.62064987841785,
        "p99": 121.45949095484191,
        "mean": 86.75049188681201
      },
      "success_rate_percent": 99.5,
      "throughput_rps": 8303.414962484905,
      "sla_compliance": {
        "p95_under_100ms": "False",
        "success_rate_above_95": "True"
      }
    }
  ],
  "business_report": {
    "validation_summary": {
      "precision_target_met": "False",
      "sla_compliance": "False",
      "statistical_significance": "True",
      "max_load_supported": 1
    },
    "business_impact": {
      "annual_roi_eur": 177594.06420862535,
      "precision_improvement_percent": 14.79950535071878,
      "latency_improvement_percent": 25.182132023865815,
      "estimated_satisfaction_boost": 4.439851605215634
    }
  }
}