{
  "benchmark_summary": {
    "timestamp": "2025-06-05T15:53:59.912762",
    "duration_minutes": 0.022141716666666665,
    "sample_size": 1000,
    "confidence_level": 0.95,
    "status": "FAILURE",
    "recommendation": "NO-GO - Objectifs non atteints, optimisations n\u00e9cessaires"
  },
  "ab_test_results": {
    "precision": {
      "v1_mean": 82.09853127526402,
      "v2_mean": 94.33619126990493,
      "improvement_percent": 14.906064462480911,
      "t_statistic": 67.17586567139726,
      "p_value": 0.0,
      "statistically_significant": "True",
      "target_met": "True",
      "v2_target_met": "False"
    },
    "latency": {
      "v1_p95": 146.59957079238967,
      "v2_p95": 111.38698688872354,
      "improvement_percent": 24.019568211105636,
      "t_statistic": 34.72537508058047,
      "p_value": 3.904605903259176e-207,
      "statistically_significant": "True",
      "sla_met": "False"
    },
    "success_rates": {
      "v1": 99.4,
      "v2": 99.8
    },
    "sample_size": 1000,
    "confidence_level": 0.95
  },
  "load_test_results": [
    {
      "load_multiplier": 1,
      "concurrent_requests": 50,
      "total_requests": 200,
      "duration_seconds": 0.12273406982421875,
      "latency": {
        "p50": 86.54967694842495,
        "p95": 109.54746237261962,
        "p99": 119.71453785397922,
        "mean": 86.54679497411307
      },
      "success_rate_percent": 100.0,
      "throughput_rps": 1629.5393796232984,
      "sla_compliance": {
        "p95_under_100ms": "False",
        "success_rate_above_95": "True"
      }
    },
    {
      "load_multiplier": 2,
      "concurrent_requests": 100,
      "total_requests": 400,
      "duration_seconds": 0.05676388740539551,
      "latency": {
        "p50": 86.08205871216342,
        "p95": 113.74451640457752,
        "p99": 124.42852580551042,
        "mean": 87.29472788066064
      },
      "success_rate_percent": 99.75,
      "throughput_rps": 7046.73372955037,
      "sla_compliance": {
        "p95_under_100ms": "False",
        "success_rate_above_95": "True"
      }
    }
  ],
  "business_report": {
    "validation_summary": {
      "precision_target_met": "False",
      "sla_compliance": "False",
      "statistical_significance": "True",
      "max_load_supported": 1
    },
    "business_impact": {
      "annual_roi_eur": 178872.77354977094,
      "precision_improvement_percent": 14.906064462480911,
      "latency_improvement_percent": 24.019568211105636,
      "estimated_satisfaction_boost": 4.4718193387442735
    }
  }
}